date,備註,代號,股票名稱,分類,支撐價格,壓力價格,目前股價,狀態判斷,突破狀態/日期,乖離率(距離壓力%),當天強弱,當天漲跌,操作建議,量價,季線,月線
2026-10-10,V已回測,2395,研華,工業電腦,645,727,727.0,⚖️ 區間震盪,載入中…,載入中…,🔨 強力收腳 (73%),-0.82%,載入中…,載入中…,載入中…,⏳ 讀取中...
2026-10-10,V等回測,6933,AMAX-KY,老AI,300,355,382.0,🔥 強勢突破,載入中…,載入中…,🔨 強力收腳 (67%),-0.91%,載入中…,載入中…,載入中…,⏳ 讀取中...
2026-10-10,,7711,永擎,老AI,574,676,635.0,⚖️ 區間震盪,載入中…,載入中…,🔨 強力收腳 (56%),0.47%,載入中…,載入中…,載入中…,⏳ 讀取中...
2026-10-10,V再觀察,2376,技嘉,老AI,345,381,363.0,⚖️ 區間震盪,載入中…,載入中…,🦶 略有支撐 (40%),-0.68%,載入中…,載入中…,載入中…,⏳ 讀取中...
2026-10-10,等突破,6190,萬泰科,低軌衛星,74,83.8,76.5,⚖️ 區間震盪,⚖️ 區間震盪,-8.71%,⬜ 震盪整理,0.13%,,載入中…,載入中…,⏳ 讀取中...
2026-10-10,,3491,昇達科,低軌衛星,1570,1890,"1,685.0",⚖️ 區間震盪,⚖️ 區間震盪,-10.85%,⬜ 震盪整理,-1.17%,,載入中…,載入中…,⏳ 讀取中...
2026-10-10,,2367,燿華,低軌衛星,46.2,56,45.9,⚠️ 跌破支撐,載入中…,載入中…,⬛ 實體殺盤 (危),-2.75%,載入中…,載入中…,載入中…,⏳ 讀取中...
2026-10-10,等突破,6285,啟碁,低軌衛星,260,298,256.5,⚠️ 跌破支撐,載入中…,載入中…,⬜ 震盪整理,-0.39%,載入中…,載入中…,載入中…,⏳ 讀取中...
2026-10-10,,2313,華通,低軌衛星,221,260,248.0,⚖️ 區間震盪,載入中…,載入中…,⬜ 震盪整理,0.81%,載入中…,載入中…,載入中…,⏳ 讀取中...
2026-10-10,,3406,玉晶光,那道光,962,1125,"1,060.0",⚖️ 區間震盪,載入中…,載入中…,⬛ 實體殺盤 (危),-2.30%,載入中…,載入中…,載入中…,⏳ 讀取中...
2026-10-10,,6147,頎邦,封測,202,234,226.0,⚖️ 區間震盪,⚖️ 區間震盪,-3.42%,⬜ 震盪整理,-2.38%,,載入中…,載入中…,⏳ 讀取中...
2026-10-10,V等回測,3711,日月光投控,封測,640,722,744.0,🔥 強勢突破,載入中…,載入中…,🦶 略有支撐 (46%),1.64%,載入中…,載入中…,載入中…,⏳ 讀取中...
2026-10-10,,3265,台星科,封測,161,199,238.5,🔥 強勢突破,👀 昨日突破 (重點觀察),19.85%,➖ 一字線,9.91%,,載入中…,載入中…,⏳ 讀取中...
2026-10-10,??等翻回,3264,欣銓,封測,193,250,256.0,🔥 強勢突破,🔥 今日突破 (10/09),2.40%,🟥 實體紅K (強),2.40%,,載入中…,載入中…,⏳ 讀取中...
2026-10-10,沒興趣,2449,京元電子,封測,293,345,304.5,⚖️ 區間震盪,載入中…,載入中…,🦶 略有支撐 (44%),1.67%,載入中…,載入中…,載入中…,⏳ 讀取中...
2026-10-10,V已回測,3374,精材,封測,417,487.5,497.0,🔥 強勢突破,👀 昨日突破 (重點觀察),1.95%,🦶 略有支撐 (31%),0.00%,🎯 回測買點 (接近支撐),載入中…,載入中…,⏳ 讀取中...
2026-10-10,V已回測,8150,南茂,封測,100,123,128.0,🔥 強勢突破,載入中…,載入中…,🦶 略有支撐 (36%),-0.39%,載入中…,載入中…,載入中…,⏳ 讀取中...
2026-10-10,V已突破,6257,矽格,封測,260,274,283.0,🔥 強勢突破,載入中…,載入中…,⬜ 震盪整理,1.80%,載入中…,載入中…,載入中…,⏳ 讀取中...
2026-10-10,V已回測,6239,力成,封測,260,300,308.0,🔥 強勢突破,載入中…,載入中…,🔨 強力收腳 (63%),0.16%,載入中…,載入中…,載入中…,⏳ 讀取中...
2026-10-10,,3031,佰鴻,面板轉型,28,34.5,33.2,⚖️ 區間震盪,載入中…,載入中…,⬜ 震盪整理,-0.90%,載入中…,載入中…,載入中…,⏳ 讀取中...
2026-10-10,等突破,1326,台化,特用化學,61.9,74.5,77.6,🔥 強勢突破,載入中…,載入中…,⬜ 震盪整理,2.37%,載入中…,載入中…,載入中…,⏳ 讀取中...
2026-10-10,觀察,1711,永光,特用化學,49.5,64,46.3,⚠️ 跌破支撐,載入中…,載入中…,⬜ 震盪整理,1.76%,載入中…,載入中…,載入中…,⏳ 讀取中...
2026-10-10,結構亂,1773,勝一,特用化學,160,180,175.5,⚖️ 區間震盪,載入中…,載入中…,⬛ 實體殺盤 (危),-0.85%,載入中…,載入中…,載入中…,⏳ 讀取中...
2026-10-10,,1708,東鹼,特用化學,52,56,57.0,🔥 強勢突破,載入中…,載入中…,⬜ 震盪整理,-0.52%,載入中…,載入中…,載入中…,⏳ 讀取中...
2026-10-10,V已回測,6505,台塑化,特用化學,77,97.8,110.5,🔥 強勢突破,載入中…,載入中…,⬜ 震盪整理,3.27%,載入中…,載入中…,載入中…,⏳ 讀取中...
2026-10-10,,4720,德淵,特用化學,21.9,24.3,25.6,🔥 強勢突破,載入中…,載入中…,🟥 實體紅K (強),9.89%,載入中…,載入中…,載入中…,⏳ 讀取中...
2026-10-10,,1301,台塑,特用化學,54,70,81.3,🔥 強勢突破,載入中…,載入中…,🟥 實體紅K (強),7.82%,載入中…,載入中…,載入中…,⏳ 讀取中...
2026-10-10,沒機會,1727,中華化,特用化學,84.4,102,107.0,🔥 強勢突破,載入中…,載入中…,⬜ 震盪整理,0.94%,載入中…,載入中…,載入中…,⏳ 讀取中...
2026-10-10,,1709,和益,特用化學,43.1,58.6,61.0,🔥 強勢突破,載入中…,載入中…,🦶 略有支撐 (40%),1.33%,載入中…,載入中…,載入中…,⏳ 讀取中...
2026-10-10,,4707,磐亞,特用化學,29.8,34.8,32.8,⚖️ 區間震盪,⚖️ 區間震盪,-5.75%,⬜ 震盪整理,0.61%,,載入中…,載入中…,⏳ 讀取中...
2026-10-10,,6227,茂綸,記憶體通路,94.2,141.5,138.5,⚖️ 區間震盪,⚖️ 區間震盪,-2.12%,⬜ 震盪整理,-1.42%,,載入中…,載入中…,⏳ 讀取中...
2026-10-10,觀察就好,6805,富世達,強勢,2030,2435,"2,370.0",⚖️ 區間震盪,載入中…,載入中…,⬜ 震盪整理,-3.46%,載入中…,載入中…,載入中…,⏳ 讀取中...
2026-10-10,,6133,金橋,強勢,24.2,29,27.1,⚖️ 區間震盪,載入中…,載入中…,⬜ 震盪整理,0.37%,載入中…,載入中…,載入中…,⏳ 讀取中...
2026-10-10,,2006,東和鋼鐵,強勢,78.5,88.63,85.3,⚖️ 區間震盪,載入中…,載入中…,🦶 略有支撐 (46%),-0.70%,載入中…,載入中…,載入中…,⏳ 讀取中...
2026-10-10,,3543,州巧,強勢,39.5,55.5,56.1,🔥 強勢突破,載入中…,載入中…,⬜ 震盪整理,0.72%,載入中…,載入中…,載入中…,⏳ 讀取中...
2026-10-10,,3311,閎暉,強勢,39,45.1,46.9,🔥 強勢突破,載入中…,載入中…,⬜ 震盪整理,-0.95%,載入中…,載入中…,載入中…,⏳ 讀取中...
2026-10-10,V等回測,7788,松川精密,強勢,284,340,305.0,⚖️ 區間震盪,載入中…,載入中…,⬛ 實體殺盤 (危),-7.29%,載入中…,載入中…,載入中…,⏳ 讀取中...
2026-10-10,,3455,由田,設備,196,270,284.0,🔥 強勢突破,✅ 已突破,5.19%,🔨 強力收腳 (91%),1.07%,,載入中…,載入中…,⏳ 讀取中...
2026-10-10,等創新高,3680,家登,設備,558.5,620,571.0,⚖️ 區間震盪,⚖️ 區間震盪,-7.90%,🔨 強力收腳 (71%),0.71%,,載入中…,載入中…,⏳ 讀取中...
2026-10-10,等突破,2404,漢唐,設備,1180,1350,"1,305.0",⚖️ 區間震盪,載入中…,載入中…,🔨 強力收腳 (67%),-1.88%,載入中…,載入中…,載入中…,⏳ 讀取中...
2026-10-10,,6196,帆宣,設備,520,600,674.0,🔥 強勢突破,載入中…,載入中…,🔨 強力收腳 (79%),0.60%,載入中…,載入中…,載入中…,⏳ 讀取中...
2026-10-10,V等回測,5434,崇越,設備,475,595,596.0,🔥 強勢突破,載入中…,載入中…,🦶 略有支撐 (33%),-1.49%,載入中…,載入中…,載入中…,⏳ 讀取中...
2026-10-10,V已回測,6187,萬潤,設備,1185,1450,"1,525.0",🔥 強勢突破,✅ 已突破,5.17%,⬜ 震盪整理,-0.65%,,載入中…,載入中…,⏳ 讀取中...
2026-10-10,V等回測,6691,洋基工程,設備,670,735,789.0,🔥 強勢突破,載入中…,載入中…,🦶 略有支撐 (41%),1.68%,載入中…,載入中…,載入中…,⏳ 讀取中...
2026-10-10,沒機會,1560,中砂,設備,745,785,"1,010.0",🔥 強勢突破,載入中…,載入中…,🦶 略有支撐 (33%),-0.98%,載入中…,載入中…,載入中…,⏳ 讀取中...
2026-10-10,,2360,致茂,設備,2100,2430,"2,330.0",⚖️ 區間震盪,載入中…,載入中…,⬜ 震盪整理,-2.92%,載入中…,載入中…,載入中…,⏳ 讀取中...
2026-10-10,,3147,大綜,軟體股,300,340.5,308.0,⚖️ 區間震盪,⚖️ 區間震盪,-9.54%,⬜ 震盪整理,4.41%,,載入中…,載入中…,⏳ 讀取中...
2026-10-10,,6197,佳必琪,連接線,337,376.5,381.5,🔥 強勢突破,載入中…,載入中…,⬜ 震盪整理,2.83%,載入中…,載入中…,載入中…,⏳ 讀取中...
2026-10-10,,8103,瀚荃,連接線,120,132,114.5,⚠️ 跌破支撐,載入中…,載入中…,⬛ 實體殺盤 (危),-2.97%,載入中…,載入中…,載入中…,⏳ 讀取中...
2026-10-10,V在支撐,3605,宏致,連接器,170,188.5,163.0,⚠️ 跌破支撐,載入中…,載入中…,⬛ 實體殺盤 (危),-2.40%,載入中…,載入中…,載入中…,⏳ 讀取中...
2026-10-10,,3693,營邦,散熱,634,740,736.0,⚖️ 區間震盪,⚖️ 區間震盪,-0.54%,⬜ 震盪整理,2.51%,,載入中…,載入中…,⏳ 讀取中...
2026-10-10,V突破+止穩,3017,奇鋐,散熱,3290,3600,"3,440.0",⚖️ 區間震盪,載入中…,載入中…,⬜ 震盪整理,-2.96%,載入中…,載入中…,載入中…,⏳ 讀取中...
2026-10-10,V已回測止穩,3324,雙鴻,散熱,1285,1500,"1,520.0",🔥 強勢突破,✅ 已突破,1.33%,⬜ 震盪整理,-0.33%,🎯 回測買點 (接近支撐),載入中…,載入中…,⏳ 讀取中...
2026-10-10,不明確,3653,健策,散熱,6105,6735,"7,165.0",🔥 強勢突破,載入中…,載入中…,🟥 實體紅K (強),5.29%,載入中…,載入中…,載入中…,⏳ 讀取中...
2026-10-10,,8996,高力,散熱,1340,1680,"1,710.0",🔥 強勢突破,載入中…,載入中…,🦶 略有支撐 (36%),3.95%,載入中…,載入中…,載入中…,⏳ 讀取中...
2026-10-10,V已回測,6182,合晶,碳化矽,104,125,129.0,🔥 強勢突破,✅ 已突破,3.20%,🦶 略有支撐 (47%),-4.44%,,載入中…,載入中…,⏳ 讀取中...
2026-10-10,V已止穩,5483,中美晶,碳化矽,172,215,216.5,🔥 強勢突破,👀 昨日突破 (重點觀察),0.70%,🔨 強力收腳 (64%),-3.35%,🎯 回測買點 (接近支撐),載入中…,載入中…,⏳ 讀取中...
2026-10-10,等突破,2342,茂矽,碳化矽,46.9,50.7,49.2,⚖️ 區間震盪,載入中…,載入中…,⬛ 實體殺盤 (危),-1.90%,載入中…,載入中…,載入中…,⏳ 讀取中...
2026-10-10,,6278,台表科,碳化矽,215,247,248.0,🔥 強勢突破,載入中…,載入中…,🦶 略有支撐 (45%),-1.00%,載入中…,載入中…,載入中…,⏳ 讀取中...
2026-10-10,V,6488,環球晶,碳化矽,820,1150,"1,130.0",⚖️ 區間震盪,⚖️ 區間震盪,-1.74%,🦶 略有支撐 (35%),-7.00%,,載入中…,載入中…,⏳ 讀取中...
2026-10-10,,3532,台勝科,碳化矽,400,490,509.0,🔥 強勢突破,載入中…,載入中…,🔨 強力收腳 (80%),-0.78%,載入中…,載入中…,載入中…,⏳ 讀取中...
2026-10-10,,3707,漢磊,碳化矽,77.4,93.8,85.9,⚖️ 區間震盪,⚖️ 區間震盪,-8.42%,⬛ 實體殺盤 (危),-4.45%,,載入中…,載入中…,⏳ 讀取中...
2026-10-10,,3016,嘉晶,碳化矽,152,162,183.5,🔥 強勢突破,載入中…,載入中…,🦶 略有支撐 (31%),-5.90%,載入中…,載入中…,載入中…,⏳ 讀取中...
2026-10-10,,8046,南電,ABF,1340,1420,"1,475.0",🔥 強勢突破,載入中…,載入中…,🔨 強力收腳 (73%),-0.34%,載入中…,載入中…,載入中…,⏳ 讀取中...
2026-10-10,,3037,欣興,ABF,1040,1200,"1,270.0",🔥 強勢突破,載入中…,載入中…,🦶 略有支撐 (38%),-2.68%,載入中…,載入中…,載入中…,⏳ 讀取中...
2026-10-10,,3189,景碩,ABF,805,940,"1,075.0",🔥 強勢突破,載入中…,載入中…,🔨 強力收腳 (64%),-2.27%,載入中…,載入中…,載入中…,⏳ 讀取中...
2026-10-10,,6179,亞通,BBU,33,38,37.8,⚖️ 區間震盪,⚖️ 區間震盪,-0.53%,⬜ 震盪整理,0.13%,,載入中…,載入中…,⏳ 讀取中...
2026-10-10,,1815,富喬,CCL,112,134,135.0,🔥 強勢突破,🔥 今日突破 (10/09),0.75%,🦶 略有支撐 (33%),1.89%,,載入中…,載入中…,⏳ 讀取中...
2026-10-10,,2383,台光電,CCL,5225,6200,"6,000.0",⚖️ 區間震盪,載入中…,載入中…,🔨 強力收腳 (52%),0.84%,載入中…,載入中…,載入中…,⏳ 讀取中...
2026-10-10,V已回測止穩,6274,台燿,CCL,1340,1685,"1,740.0",🔥 強勢突破,✅ 已突破,3.26%,🔨 強力收腳 (57%),1.16%,,載入中…,載入中…,⏳ 讀取中...
2026-10-10,沒機會,6213,聯茂,CCL,495,600,806.0,🔥 強勢突破,載入中…,載入中…,🔨 強力收腳 (53%),1.26%,載入中…,載入中…,載入中…,⏳ 讀取中...
2026-10-10,沒機會,1303,南亞,CCL,214,250,310.0,🔥 強勢突破,載入中…,載入中…,🔨 強力收腳 (50%),-1.27%,載入中…,載入中…,載入中…,⏳ 讀取中...
2026-10-10,沒機會,6672,騰輝電子-KY,CCL,290,319,555.0,🔥 強勢突破,載入中…,載入中…,🟥 實體紅K (強),9.90%,載入中…,載入中…,載入中…,⏳ 讀取中...
2026-10-10,,8021,尖點,CCL,465,623,557.0,⚖️ 區間震盪,載入中…,載入中…,🦶 略有支撐 (38%),0.18%,載入中…,載入中…,載入中…,⏳ 讀取中...
2026-10-10,壓力等確認(30?),3717,聯嘉投控,CPO,25,27.3,27.8,🔥 強勢突破,載入中…,載入中…,⬜ 震盪整理,1.09%,載入中…,載入中…,載入中…,⏳ 讀取中...
2026-10-10,,3450,聯鈞,CPO,475,600,522.0,⚖️ 區間震盪,載入中…,載入中…,⬜ 震盪整理,-2.43%,載入中…,載入中…,載入中…,⏳ 讀取中...
2026-10-10,,3008,大立光,CPO,6895,7895,"6,660.0",⚠️ 跌破支撐,載入中…,載入中…,⬛ 實體殺盤 (危),-2.70%,載入中…,載入中…,載入中…,⏳ 讀取中...
2026-10-10,已回測(可以再等一根止穩),3081,聯亞,CPO,2235,2910,"2,960.0",🔥 強勢突破,✅ 已突破,1.72%,⬛ 實體殺盤 (危),-5.73%,🎯 回測買點 (接近支撐),載入中…,載入中…,⏳ 讀取中...
2026-10-10,V已回測止穩,2340,台亞,CPO,30.3,46,52.9,🔥 強勢突破,載入中…,載入中…,🟥 實體紅K (強),9.87%,載入中…,載入中…,載入中…,⏳ 讀取中...
2026-10-10,等突破,3234,光環,CPO,166,186,183.0,⚖️ 區間震盪,⚖️ 區間震盪,-1.61%,⬜ 震盪整理,-4.19%,,載入中…,載入中…,⏳ 讀取中...
2026-10-10,,8111,立碁,CPO,69,82.5,93.7,🔥 強勢突破,✅ 已突破,13.58%,⬜ 震盪整理,-0.32%,,載入中…,載入中…,⏳ 讀取中...
2026-10-10,等跌回支撐,2455,全新,CPO,492,537,558.0,🔥 強勢突破,載入中…,載入中…,🦶 略有支撐 (36%),-0.18%,載入中…,載入中…,載入中…,⏳ 讀取中...
2026-10-10,,6426,統新,CPO,290,326.5,341.0,🔥 強勢突破,載入中…,載入中…,⬜ 震盪整理,-1.87%,載入中…,載入中…,載入中…,⏳ 讀取中...
2026-10-10,前高,3105,穩懋,CPO,573,630,581.0,⚖️ 區間震盪,🎯 回測支撐 (觀察),1.40%,🦶 略有支撐 (46%),-1.19%,,載入中…,載入中…,⏳ 讀取中...
2026-10-10,V已回測,6526,達發,IC,600,800,801.0,🔥 強勢突破,載入中…,載入中…,⬜ 震盪整理,1.91%,載入中…,載入中…,載入中…,⏳ 讀取中...
2026-10-10,,2436,偉詮電,IC,62.4,79.7,71.2,⚖️ 區間震盪,載入中…,載入中…,⬛ 實體殺盤 (危),-1.66%,載入中…,載入中…,載入中…,⏳ 讀取中...
2026-10-10,,6716,應廣,IC,92,140,138.5,⚖️ 區間震盪,⚖️ 區間震盪,-1.07%,➖ 一字線,-9.77%,,載入中…,載入中…,⏳ 讀取中...
2026-10-10,,3034,聯詠,IC,530,567,531.0,⚖️ 區間震盪,載入中…,載入中…,🦶 略有支撐 (30%),0.38%,載入中…,載入中…,載入中…,⏳ 讀取中...
2026-10-10,,3443,創意,IP,5870,7745,"8,360.0",🔥 強勢突破,載入中…,載入中…,⬛ 實體殺盤 (危),-1.18%,載入中…,載入中…,載入中…,⏳ 讀取中...
2026-10-10,,3661,世芯-KY,IP,4280,5010,"4,345.0",⚖️ 區間震盪,載入中…,載入中…,⬜ 震盪整理,3.70%,載入中…,載入中…,載入中…,⏳ 讀取中...
2026-10-10,V在支撐,2303,聯電,IP,147.5,168,147.5,⚖️ 區間震盪,載入中…,載入中…,⬜ 震盪整理,-0.67%,載入中…,載入中…,載入中…,⏳ 讀取中...
2026-10-10,V微跌破,4939,亞電,PCB,78,95,78.3,⚖️ 區間震盪,🎯 回測支撐 (觀察),0.38%,⬜ 震盪整理,1.82%,,載入中…,載入中…,⏳ 讀取中...
2026-10-10,V已回測止穩,8039,台虹,PCB,256.5,290,305.5,🔥 強勢突破,載入中…,載入中…,⬛ 實體殺盤 (危),0.33%,載入中…,載入中…,載入中…,⏳ 讀取中...
2026-10-10,,3044,健鼎,PCB,520.5,582.5,582.0,⚖️ 區間震盪,載入中…,載入中…,⬜ 震盪整理,0.00%,載入中…,載入中…,載入中…,⏳ 讀取中...
2026-10-10,,2368,金像電,PCB,1140,1495,"1,285.0",⚖️ 區間震盪,載入中…,載入中…,🦶 略有支撐 (44%),3.21%,載入中…,載入中…,載入中…,⏳ 讀取中...
2026-10-10,V等回測止穩(558?),4958,臻鼎-KY,PCB,451.5,545,592.0,🔥 強勢突破,載入中…,載入中…,⬛ 實體殺盤 (危),-0.50%,載入中…,載入中…,載入中…,⏳ 讀取中...
2026-10-10,沒機會,3441,聯一光,TGV,157,200,249.5,🔥 強勢突破,✅ 已突破,24.75%,🔨 強力收腳 (65%),0.20%,,載入中…,載入中…,⏳ 讀取中...
2026-10-10, ,3167,大量,TGV,785,950,"1,055.0",🔥 強勢突破,載入中…,載入中…,🔨 強力收腳 (54%),2.93%,載入中…,載入中…,載入中…,⏳ 讀取中...
2026-10-10,,3055,蔚華科,TGV,176,194,223.0,🔥 強勢突破,載入中…,載入中…,🔨 強力收腳 (100%),0.00%,載入中…,載入中…,載入中…,⏳ 讀取中...
2026-10-10,,3498,陽程,TGV,185,218,225.5,🔥 強勢突破,✅ 已突破,3.44%,⬛ 實體殺盤 (危),-2.59%,,載入中…,載入中…,⏳ 讀取中...
2026-10-10,V不好操作,3219,倚強科,TGV,126,134,130.0,⚖️ 區間震盪,⚖️ 區間震盪,-2.99%,⬜ 震盪整理,0.00%,,載入中…,載入中…,⏳ 讀取中...
2026-10-10,,8027,鈦昇,TGV,192,225.5,202.5,⚖️ 區間震盪,⚖️ 區間震盪,-10.20%,⬜ 震盪整理,-2.88%,,載入中…,載入中…,⏳ 讀取中...
2026-10-10,V等回測,6456,GIS-KY,TGV,64.4,95,100.0,🔥 強勢突破,載入中…,載入中…,⬛ 實體殺盤 (危),-1.96%,載入中…,載入中…,載入中…,⏳ 讀取中...
2026-10-10,微跌破,3481,群創,TGV,40.5,52,51.0,⚖️ 區間震盪,載入中…,載入中…,⬛ 實體殺盤 (危),-2.86%,載入中…,載入中…,載入中…,⏳ 讀取中...
2026-10-10,跌破X,2426,鼎元,TGV,91,110,103.0,⚖️ 區間震盪,載入中…,載入中…,🔨 強力收腳 (71%),-0.96%,載入中…,載入中…,載入中…,⏳ 讀取中...
2026-10-10,微跌破,3714,富采,TGV,68,79,67.0,⚠️ 跌破支撐,載入中…,載入中…,🔨 強力收腳 (58%),-0.59%,載入中…,載入中…,載入中…,⏳ 讀取中...
2026-10-10,等突破,3580,友威科,TGV,88,117,102.5,⚖️ 區間震盪,⚖️ 區間震盪,-12.39%,🔨 強力收腳 (60%),-0.97%,,載入中…,載入中…,⏳ 讀取中...
2026-10-10,沒機會,2466,冠西電,TGV,110,126,198.5,🔥 強勢突破,載入中…,載入中…,🟥 實體紅K (強),9.97%,載入中…,載入中…,載入中…,⏳ 讀取中...
2026-10-10,V等回測,2409,友達,TGV,33.9,36.7,36.6,⚖️ 區間震盪,載入中…,載入中…,⬛ 實體殺盤 (危),-3.56%,載入中…,載入中…,載入中…,⏳ 讀取中...
2026-10-10,,6168,宏齊,TGV,41.3,45.5,40.4,⚠️ 跌破支撐,載入中…,載入中…,⬛ 實體殺盤 (危),-2.65%,載入中…,載入中…,載入中…,⏳ 讀取中...
2026-10-10,,2305,全友,TGV,55.6,72.4,64.7,⚖️ 區間震盪,載入中…,載入中…,🟥 實體紅K (強),9.85%,載入中…,載入中…,載入中…,⏳ 讀取中...
2026-10-10,再次跌回,6226,光鼎,TGV,29,42.1,44.4,🔥 強勢突破,載入中…,載入中…,⬜ 震盪整理,2.19%,載入中…,載入中…,載入中…,⏳ 讀取中...
2026-10-10,,1809,中釉,TGV,48,57.3,45.5,⚠️ 跌破支撐,載入中…,載入中…,⬛ 實體殺盤 (危),-2.26%,載入中…,載入中…,載入中…,⏳ 讀取中...
2026-10-10,,3149,正達,TGV,71.3,83.7,76.6,⚖️ 區間震盪,載入中…,載入中…,🔨 強力收腳 (68%),-0.65%,載入中…,載入中…,載入中…,⏳ 讀取中...
2026-10-10,,6116,彩晶,TGV,15.1,18,15.1,⚖️ 區間震盪,載入中…,載入中…,⬛ 實體殺盤 (危),-2.58%,載入中…,載入中…,載入中…,⏳ 讀取中...
2026-10-10,V等止穩,6207,雷科,TGV,120,140,146.0,🔥 強勢突破,✅ 已突破,4.29%,🔨 強力收腳 (54%),-1.02%,,載入中…,載入中…,⏳ 讀取中...
2026-10-10,,3615,安可,TGV,46.1,60,42.9,⚠️ 跌破支撐,⚖️ 區間震盪,-28.50%,🦶 略有支撐 (31%),-2.39%,,載入中…,載入中…,⏳ 讀取中...
2026-10-10,,2464,盟立,TGV,173.5,204,187.0,⚖️ 區間震盪,載入中…,載入中…,🦶 略有支撐 (30%),-3.11%,載入中…,載入中…,載入中…,⏳ 讀取中...
2026-10-10,,8227,巨有科技,TGV,323.5,400,335.0,⚖️ 區間震盪,⚖️ 區間震盪,-16.25%,⬛ 實體殺盤 (危),-9.95%,,載入中…,載入中…,⏳ 讀取中...
2026-10-10,V短支撐,3094,聯傑,TGV,57.8,67.7,69.3,🔥 強勢突破,載入中…,載入中…,🦶 略有支撐 (36%),2.67%,載入中…,載入中…,載入中…,⏳ 讀取中...
